sum ADT,ActTr
3037.50,978.00
3390.00,1339.00
4025.00,1531.00
4850.50,1517.00
5311.25,1313.00
5794.50,1863.00
6210.00,1863.00
6420.00,1841.00
7080.00,1877.00
7437.50,1535.00
10590.00,1968.00
10772.50,1956.00
10916.00,1835.00
11567.50,2319.00
12660.00,2347.00
13387.50,1681.00
14703.75,2043.00
15575.00,2222.00
15846.50,2328.00
18266.50,1986.00
18353.50,2239.00
19075.00,2099.00
22385.00,2633.00
22880.50,2627.00
29499.00,2454.00
29666.50,2149.00